{
  "timestamp": "2026-03-17T21:24:07",
  "git_sha": "252edfe",
  "branch": "feat/update-62",
  "repos": {
    "attocode": {
      "bootstrap_time_ms": 13022.512832991197,
      "symbol_count": 2306,
      "quality_score": 4.8,
      "total_time_ms": 13073.448292983812
    },
    "gh-cli": {
      "bootstrap_time_ms": 5416.960583999753,
      "symbol_count": 142,
      "quality_score": 3.2,
      "total_time_ms": 5432.259875989985
    },
    "redis": {
      "bootstrap_time_ms": 7500.254500002484,
      "symbol_count": 389,
      "quality_score": 4.2,
      "total_time_ms": 7537.595956004225
    }
  }
}